{"train_time": 0.28890061378479004, "round": 5, "_timestamp": 1717745931.383, "train_loss": 5.138781547546387, "train_accuracy": 0.0, "val_loss": 4.853918552398682, "val_accuracy": 0.0, "test_loss": 3.5116326808929443, "test_accuracy": 0.0, "loss": 3.5116326808929443, "_runtime": 15.628735780715942, "_step": 5, "Data Lable Histogram_table": {"_type": "table-file", "sha256": "013b1065b5f47ac8b60bb2c1a6b3b41c86a202b2f682ddb6eab010f650426ade", "size": 53, "artifact_path": "wandb-client-artifact://quih6mw37tr7npfooq4jeoexprhijotgwx5z1zc9li5mw85vgscf2wecpw9gglw0xexsvt46udbr2m58q893yj05kg56wuow241kj0mg9ujfsn5pw56f1kn47l4gd9h7:latest/Data Lable Histogram_table.table.json", "_latest_artifact_path": "wandb-client-artifact://quih6mw37tr7npfooq4jeoexprhijotgwx5z1zc9li5mw85vgscf2wecpw9gglw0xexsvt46udbr2m58q893yj05kg56wuow241kj0mg9ujfsn5pw56f1kn47l4gd9h7:latest/Data Lable Histogram_table.table.json", "path": "media/table/Data Lable Histogram_table_5_013b1065b5f47ac8b60b.table.json", "ncols": 2, "nrows": 1}, "_wandb": {"runtime": 14}}